{"loss": [2.83736252784729, 1.631683349609375, 1.2908979654312134, 1.1455508470535278, 1.0532922744750977, 1.0159454345703125, 0.9773151874542236, 0.9603381156921387, 0.9156835079193115, 0.8758611679077148, 0.871181845664978, 0.8484534025192261, 0.8203697800636292, 0.8485029935836792, 0.8068516850471497, 0.7595919966697693, 0.770585298538208, 0.708458662033081, 0.6876217126846313, 0.6644118428230286, 0.656926155090332, 0.6383000612258911, 0.6319757699966431, 0.6186656951904297, 0.6572558283805847, 0.6195741891860962, 0.6107742786407471, 0.5855748057365417, 0.5844603180885315, 0.5746676325798035, 0.5816454887390137, 0.5642962455749512, 0.5637902617454529, 0.5351718068122864, 0.544005811214447, 0.5287199020385742, 0.5151496529579163, 0.5258812308311462, 0.5150524973869324, 0.5042328238487244, 0.521672785282135, 0.48861995339393616, 0.49579721689224243, 0.48909178376197815, 0.4743926227092743, 0.46586889028549194, 0.4671212136745453, 0.5223573446273804, 0.50918048620224, 0.546779990196228], "total_amp3_mae": [0.11890101432800293, 0.10178278386592865, 0.09080855548381805, 0.08409684896469116, 0.07805248349905014, 0.07544358819723129, 0.07701828330755234, 0.07417649030685425, 0.07280953228473663, 0.06959230452775955, 0.07051143795251846, 0.06862516701221466, 0.06778354942798615, 0.06801988184452057, 0.06827651709318161, 0.06304489821195602, 0.0635826364159584, 0.06039920076727867, 0.0605786070227623, 0.05841316655278206, 0.05840505659580231, 0.05710804462432861, 0.05812967196106911, 0.05683846026659012, 0.05955173820257187, 0.057384930551052094, 0.05652211233973503, 0.05599479749798775, 0.05521043762564659, 0.05564243718981743, 0.05655854567885399, 0.05539035424590111, 0.05500646308064461, 0.05444958433508873, 0.05495563894510269, 0.05494285002350807, 0.053761761635541916, 0.0537705272436142, 0.05318598449230194, 0.0570620521903038, 0.060064658522605896, 0.05330277979373932, 0.0525970421731472, 0.05296045169234276, 0.05168148875236511, 0.051607437431812286, 0.05222095549106598, 0.0537073016166687, 0.05335397273302078, 0.06119730696082115], "total_center3_mae": [0.9578707218170166, 0.6512868404388428, 0.518125593662262, 0.46529871225357056, 0.428732693195343, 0.4180881679058075, 0.4046025574207306, 0.39337658882141113, 0.3750047981739044, 0.36807510256767273, 0.36391371488571167, 0.3621891140937805, 0.3520088493824005, 0.35471752285957336, 0.34521159529685974, 0.32947713136672974, 0.3310343027114868, 0.3130110204219818, 0.3031097650527954, 0.2955856919288635, 0.2940254807472229, 0.28724566102027893, 0.2875359356403351, 0.2794203460216522, 0.2903878390789032, 0.2773285210132599, 0.2774823009967804, 0.2696489989757538, 0.2698764503002167, 0.26517826318740845, 0.26290589570999146, 0.2566848695278168, 0.256517231464386, 0.24560172855854034, 0.25231650471687317, 0.24870209395885468, 0.24142105877399445, 0.2451668083667755, 0.23669210076332092, 0.23820842802524567, 0.23848462104797363, 0.23154644668102264, 0.2343563586473465, 0.23419097065925598, 0.22713379561901093, 0.22654558718204498, 0.22583425045013428, 0.24392683804035187, 0.24095872044563293, 0.25033727288246155], "total_peak_number3_mae": [0.48093828558921814, 0.3820829391479492, 0.331633985042572, 0.3049090802669525, 0.2882593274116516, 0.2765938639640808, 0.27329862117767334, 0.26656872034072876, 0.26584768295288086, 0.25237125158309937, 0.25237736105918884, 0.24555672705173492, 0.2427031546831131, 0.244296133518219, 0.23758727312088013, 0.22490884363651276, 0.2273877114057541, 0.2092680186033249, 0.20839817821979523, 0.19761766493320465, 0.19153885543346405, 0.19006705284118652, 0.18823648989200592, 0.18552464246749878, 0.1943756490945816, 0.1841936856508255, 0.18207108974456787, 0.17267972230911255, 0.17028598487377167, 0.17076486349105835, 0.17340241372585297, 0.16678306460380554, 0.1650109887123108, 0.16056200861930847, 0.16077806055545807, 0.16089561581611633, 0.1566728800535202, 0.15751750767230988, 0.15669873356819153, 0.15494471788406372, 0.166382297873497, 0.15321677923202515, 0.15297992527484894, 0.15100638568401337, 0.15060211718082428, 0.14850813150405884, 0.14853188395500183, 0.15781383216381073, 0.15885181725025177, 0.19885767996311188], "total_width3_mae": [0.18444937467575073, 0.15113525092601776, 0.1345609575510025, 0.12402030825614929, 0.11706751585006714, 0.11434566229581833, 0.11668546497821808, 0.11222599446773529, 0.11021368950605392, 0.10466019064188004, 0.10522327572107315, 0.1040055900812149, 0.10307032614946365, 0.10278250277042389, 0.10044977813959122, 0.09560920298099518, 0.09429896622896194, 0.09129390865564346, 0.08996360749006271, 0.08793283998966217, 0.08813712745904922, 0.08636479079723358, 0.08628038316965103, 0.0853034183382988, 0.08892741799354553, 0.08570213615894318, 0.08523063361644745, 0.0836886614561081, 0.0829014927148819, 0.08253999799489975, 0.08371996134519577, 0.08040610700845718, 0.08114463090896606, 0.07874786108732224, 0.08071216195821762, 0.07916375994682312, 0.07646932452917099, 0.07687510550022125, 0.07617315649986267, 0.08355505764484406, 0.09577266126871109, 0.07697327435016632, 0.07619056850671768, 0.07472064346075058, 0.07283173501491547, 0.07184767723083496, 0.07269717752933502, 0.07444766908884048, 0.07361380010843277, 0.08836589753627777], "val_loss": [1.7737363576889038, 1.9318476915359497, 1.492897629737854, 1.8674414157867432, 0.9247944355010986, 0.9949654340744019, 1.2120038270950317, 0.8993765115737915, 0.8339525461196899, 1.1339426040649414, 0.8318470120429993, 0.7986974120140076, 0.8759985566139221, 1.13129723072052, 0.7616891860961914, 0.7782155871391296, 0.6784858703613281, 0.726690411567688, 1.2882740497589111, 0.665622353553772, 0.7726428508758545, 0.6888341307640076, 1.1542541980743408, 0.5355117321014404, 0.6146882176399231, 0.6399425864219666, 0.6389622688293457, 0.888418972492218, 0.5705216526985168, 0.5742397308349609, 0.6581080555915833, 0.7554967999458313, 0.5864080786705017, 1.070407509803772, 0.6741509437561035, 0.47919124364852905, 0.5506122708320618, 0.788580060005188, 0.6048764586448669, 0.527241587638855, 0.7210084795951843, 0.5295642018318176, 0.6418424248695374, 0.656943142414093, 0.5096266865730286, 0.6036015152931213, 0.5677341222763062, 1.2129771709442139, 0.5038421750068665, 0.4752251207828522], "val_total_amp3_mae": [0.13643912971019745, 0.12473120540380478, 0.12326087802648544, 0.12903931736946106, 0.0753662958741188, 0.07607919722795486, 0.08612116426229477, 0.10803155601024628, 0.08503745496273041, 0.0846615731716156, 0.06189396604895592, 0.1097731813788414, 0.06301011890172958, 0.08809215575456619, 0.07576388120651245, 0.06458501517772675, 0.054126422852277756, 0.060022272169589996, 0.11039914190769196, 0.045440301299095154, 0.05471763759851456, 0.05185018852353096, 0.05872794985771179, 0.044951315969228745, 0.04536977410316467, 0.0837107002735138, 0.05565125122666359, 0.04715428501367569, 0.04703139513731003, 0.06482287496328354, 0.052970290184020996, 0.08529872447252274, 0.05865082889795303, 0.06507568806409836, 0.04666711762547493, 0.0479871891438961, 0.04994722083210945, 0.04466569423675537, 0.054547812789678574, 0.05966142565011978, 0.05011221393942833, 0.04729418456554413, 0.05149618163704872, 0.06837321817874908, 0.0668799877166748, 0.05589233338832855, 0.0452551543712616, 0.0645928680896759, 0.041498813778162, 0.04435799643397331],