{"loss": [9.96014404296875, 7.806223392486572, 7.524547100067139, 7.329080581665039, 7.200146675109863, 7.100485324859619, 6.947716236114502, 6.845821380615234, 6.782545566558838, 6.72854471206665, 6.685964107513428, 6.661837100982666, 6.6411519050598145, 6.641818523406982, 6.606961250305176, 6.579204082489014, 6.576444625854492, 6.571489334106445, 6.546788215637207, 6.525974750518799, 6.4970383644104, 6.479123592376709, 6.454467296600342, 6.4408063888549805, 6.443595886230469, 6.443715572357178, 6.399930477142334, 6.386084079742432, 6.401004791259766, 6.3869242668151855, 6.371236801147461, 6.369511604309082, 6.332796573638916, 6.353557586669922, 6.312881946563721, 6.29942512512207, 6.336126327514648, 6.327929973602295, 6.300567626953125, 6.306075572967529, 6.301977634429932, 6.297943592071533, 6.298664093017578, 6.2547607421875, 6.289371013641357, 6.281919479370117, 6.242917060852051, 6.263808250427246, 6.230984687805176, 6.238753318786621], "total_amp3_mae": [0.23886142671108246, 0.18586303293704987, 0.18041567504405975, 0.1770062893629074, 0.1747155636548996, 0.17407462000846863, 0.17340607941150665, 0.17292703688144684, 0.17257879674434662, 0.17238754034042358, 0.17207112908363342, 0.17186139523983002, 0.17173852026462555, 0.17165833711624146, 0.17159394919872284, 0.17115268111228943, 0.17141316831111908, 0.17090700566768646, 0.17099381983280182, 0.1710829883813858, 0.1708015501499176, 0.1707438826560974, 0.1707872599363327, 0.17068183422088623, 0.170829176902771, 0.1708308458328247, 0.17043830454349518, 0.17065459489822388, 0.17034943401813507, 0.170251727104187, 0.17032337188720703, 0.17040708661079407, 0.17039470374584198, 0.17004859447479248, 0.17043456435203552, 0.1705804169178009, 0.17022286355495453, 0.17001259326934814, 0.17011328041553497, 0.17023096978664398, 0.17029951512813568, 0.17027343809604645, 0.16994771361351013, 0.1702784150838852, 0.16993215680122375, 0.17011658847332, 0.17006467282772064, 0.17005430161952972, 0.1697210669517517, 0.169795423746109], "total_center3_mae": [2.2592549324035645, 2.0786595344543457, 2.040922164916992, 2.011225700378418, 1.991940975189209, 1.969965934753418, 1.9340742826461792, 1.9059287309646606, 1.8905812501907349, 1.876623511314392, 1.8682197332382202, 1.8636634349822998, 1.8599035739898682, 1.8582723140716553, 1.851430892944336, 1.8457674980163574, 1.844889760017395, 1.84461510181427, 1.8383737802505493, 1.8332465887069702, 1.8253076076507568, 1.8184716701507568, 1.8120462894439697, 1.8054043054580688, 1.8047188520431519, 1.803467869758606, 1.794843077659607, 1.7901982069015503, 1.79128897190094, 1.7878365516662598, 1.7847683429718018, 1.7833224534988403, 1.7741045951843262, 1.7776057720184326, 1.7708455324172974, 1.7657663822174072, 1.7694091796875, 1.7693246603012085, 1.764606237411499, 1.764382243156433, 1.762172818183899, 1.7618751525878906, 1.7618653774261475, 1.7531237602233887, 1.758410930633545, 1.7586770057678223, 1.7484041452407837, 1.7529083490371704, 1.7473475933074951, 1.7462762594223022], "total_peak_number3_mae": [0.9620975255966187, 0.8799550533294678, 0.8654698729515076, 0.8515576720237732, 0.8444967269897461, 0.8409873247146606, 0.8369598388671875, 0.8327787518501282, 0.8318141102790833, 0.8318197727203369, 0.8292068243026733, 0.8290539979934692, 0.8272225260734558, 0.8255956172943115, 0.8269782662391663, 0.8245668411254883, 0.8248477578163147, 0.8248172998428345, 0.8250616192817688, 0.8231626152992249, 0.8232628107070923, 0.8220545649528503, 0.8238833546638489, 0.8215071558952332, 0.8209964036941528, 0.8199498057365417, 0.8214604258537292, 0.8201870918273926, 0.8193735480308533, 0.8202342987060547, 0.8191537857055664, 0.818909764289856, 0.8199114799499512, 0.8201795220375061, 0.8186438083648682, 0.8192273378372192, 0.8196272850036621, 0.8183024525642395, 0.8172887563705444, 0.8192193508148193, 0.8173308372497559, 0.8173331618309021, 0.8155705332756042, 0.8166919350624084, 0.8168190717697144, 0.8168637156486511, 0.8156730532646179, 0.816433846950531, 0.8169538378715515, 0.8155586123466492], "total_width3_mae": [0.3845648765563965, 0.3292919397354126, 0.32205498218536377, 0.31830617785453796, 0.31577590107917786, 0.3145359754562378, 0.31354761123657227, 0.3129260838031769, 0.3124016523361206, 0.3126795291900635, 0.31214651465415955, 0.3120291829109192, 0.31179773807525635, 0.3113647699356079, 0.31144243478775024, 0.31089866161346436, 0.31119850277900696, 0.31082066893577576, 0.31067419052124023, 0.3102935552597046, 0.3107694089412689, 0.31047290563583374, 0.30954623222351074, 0.30992960929870605, 0.30995652079582214, 0.3096412122249603, 0.30996933579444885, 0.30960553884506226, 0.30963605642318726, 0.30948805809020996, 0.30951815843582153, 0.3089274764060974, 0.3090663552284241, 0.308837354183197, 0.30885133147239685, 0.3089156150817871, 0.3086281716823578, 0.3089199960231781, 0.30845680832862854, 0.30876442790031433, 0.3085230588912964, 0.307557076215744, 0.30819401144981384, 0.30813589692115784, 0.3077283203601837, 0.30784550309181213, 0.3080877959728241, 0.307740718126297, 0.307079941034317, 0.3072981834411621], "val_loss": [13.19611930847168, 8.471190452575684, 7.146113872528076, 6.5702033042907715, 6.96554708480835, 6.079470634460449, 5.954172134399414, 5.692808151245117, 5.717216968536377, 5.6882548332214355, 6.27567720413208, 5.696385860443115, 6.199462413787842, 5.623326778411865, 5.502025127410889, 5.605381488800049, 5.549662113189697, 5.683250427246094, 5.6699066162109375, 6.510349750518799, 5.361038684844971, 5.349196434020996, 5.473142147064209, 5.751658916473389, 5.3357415199279785, 5.35281229019165, 5.518017768859863, 5.853537559509277, 5.26607084274292, 5.704381465911865, 5.210989475250244, 5.792779445648193, 5.412435531616211, 5.921108722686768, 5.183326244354248, 5.829591274261475, 5.156439304351807, 5.097927570343018, 5.136590957641602, 5.186662673950195, 5.3977203369140625, 6.297122955322266, 5.087072372436523, 5.117190837860107, 5.351975917816162, 5.27913236618042, 5.0456671714782715, 5.024807453155518, 5.082931995391846, 5.071659564971924], "val_total_amp3_mae": [0.1888304054737091, 0.19312626123428345, 0.17883998155593872, 0.17497454583644867, 0.17176806926727295, 0.17355115711688995, 0.173473060131073, 0.16946391761302948, 0.17029038071632385, 0.16770443320274353, 0.1782120317220688, 0.16639432311058044, 0.1663026362657547, 0.17243623733520508, 0.16793948411941528, 0.1662406027317047, 0.1780579686164856, 0.16892623901367188, 0.16544713079929352, 0.1705760508775711, 0.1685100495815277, 0.16735273599624634, 0.1655653566122055, 0.1706247329711914, 0.16643598675727844, 0.1655266284942627, 0.16539575159549713, 0.16505484282970428, 0.1652243733406067, 0.16754335165023804, 0.16549429297447205, 0.1709587574005127, 0.1679619699716568, 0.17016015946865082, 0.17022307217121124, 0.16516108810901642, 0.16602134704589844, 0.1659611314535141, 0.16333946585655212, 0.16537870466709137, 0.1649683266878128, 0.17082282900810242, 0.16436564922332764, 0.16353873908519745, 0.16509003937244415, 0.16710211336612701, 0.16849566996097565, 0.16472594439983368, 0.1661054641008377, 0.16957662999629974],