{"loss": [10.161822319030762, 5.116557598114014, 3.931485414505005, 3.4280149936676025, 3.1512858867645264, 3.0059916973114014, 2.9003689289093018, 2.822783946990967, 2.779829502105713, 2.7174384593963623, 2.6769325733184814, 2.6309845447540283, 2.6197447776794434, 2.5929131507873535, 2.5815045833587646, 2.5488924980163574, 2.5359628200531006, 2.527369499206543, 2.5006206035614014, 2.4848005771636963, 2.480987310409546, 2.4709794521331787, 2.439727544784546, 2.4250810146331787, 2.4312245845794678, 2.4046127796173096, 2.3976757526397705, 2.402278423309326, 2.3692476749420166, 2.3722925186157227, 2.350148916244507, 2.333103656768799, 2.3230738639831543, 2.3183469772338867, 2.3077495098114014, 2.2919366359710693, 2.285555601119995, 2.288149118423462, 2.263737201690674, 2.2574303150177, 2.254448413848877, 2.2298591136932373, 2.2284798622131348, 2.2221810817718506, 2.198995590209961, 2.1869957447052, 2.186730146408081, 2.18497371673584, 2.172818183898926, 2.1691060066223145], "total_amp3_mae": [0.1710377037525177, 0.15364313125610352, 0.1553552746772766, 0.156398743391037, 0.15714356303215027, 0.15587785840034485, 0.15430599451065063, 0.1513153314590454, 0.14823590219020844, 0.14616623520851135, 0.14421959221363068, 0.14385053515434265, 0.14202170073986053, 0.1410878598690033, 0.14078111946582794, 0.1402088701725006, 0.1395466923713684, 0.13950319588184357, 0.13785415887832642, 0.13733699917793274, 0.13820208609104156, 0.13820375502109528, 0.13724681735038757, 0.13712391257286072, 0.13644903898239136, 0.13668857514858246, 0.1363592892885208, 0.1368209272623062, 0.13715428113937378, 0.13767822086811066, 0.13776841759681702, 0.1369265913963318, 0.13643544912338257, 0.13657748699188232, 0.1363731324672699, 0.13594602048397064, 0.13549764454364777, 0.1359599232673645, 0.1350644826889038, 0.13503386080265045, 0.13594135642051697, 0.13549263775348663, 0.1352895349264145, 0.13408426940441132, 0.13562296330928802, 0.13511919975280762, 0.13486622273921967, 0.1352476179599762, 0.13416233658790588, 0.13451218605041504], "total_center3_mae": [2.443995237350464, 1.5531717538833618, 1.2533904314041138, 1.0995240211486816, 1.005558729171753, 0.9571059942245483, 0.9238473773002625, 0.9000024795532227, 0.8853583931922913, 0.8629793524742126, 0.852200448513031, 0.8389283418655396, 0.8350753784179688, 0.8310217261314392, 0.8253472447395325, 0.815514862537384, 0.810641884803772, 0.808244526386261, 0.8000683188438416, 0.7948727011680603, 0.794575572013855, 0.7924073338508606, 0.7808452248573303, 0.7772296667098999, 0.7815165519714355, 0.7716824412345886, 0.7720521092414856, 0.7718630433082581, 0.763129711151123, 0.7660739421844482, 0.759308934211731, 0.7549213171005249, 0.7499135136604309, 0.7473462224006653, 0.7478593587875366, 0.7426567077636719, 0.7406609058380127, 0.7395581007003784, 0.7348400354385376, 0.7342631220817566, 0.7320631146430969, 0.7300634980201721, 0.7263869643211365, 0.7229644060134888, 0.7217257022857666, 0.715580940246582, 0.7162817716598511, 0.7146085500717163, 0.7100111246109009, 0.7097246050834656], "total_peak_number3_mae": [0.836782693862915, 0.7169682383537292, 0.6634785532951355, 0.639445960521698, 0.6247197389602661, 0.6144860982894897, 0.6074388027191162, 0.6011233925819397, 0.5957235097885132, 0.5920854210853577, 0.5883878469467163, 0.5829378962516785, 0.580674409866333, 0.5773600339889526, 0.5764208436012268, 0.5730127692222595, 0.5708444714546204, 0.5694631934165955, 0.5689133405685425, 0.5672038793563843, 0.5658758878707886, 0.5626841187477112, 0.5609236359596252, 0.5582359433174133, 0.5578107833862305, 0.5554476976394653, 0.5531692504882812, 0.5533042550086975, 0.5503349304199219, 0.5486206412315369, 0.5469810366630554, 0.5460506081581116, 0.5445413589477539, 0.5445532202720642, 0.5412307381629944, 0.5408671498298645, 0.5370942950248718, 0.5363442301750183, 0.5337471961975098, 0.5348997116088867, 0.5326762795448303, 0.5292028784751892, 0.5292708277702332, 0.5271907448768616, 0.5247928500175476, 0.5210952162742615, 0.5231981873512268, 0.5207359790802002, 0.5191172957420349, 0.5183620452880859], "total_width3_mae": [0.33670318126678467, 0.30200228095054626, 0.2908371686935425, 0.28416508436203003, 0.27751973271369934, 0.2685626447200775, 0.26230522990226746, 0.2559628486633301, 0.24909858405590057, 0.24405670166015625, 0.23925356566905975, 0.23552361130714417, 0.23215804994106293, 0.2282598465681076, 0.22524408996105194, 0.22359630465507507, 0.22073876857757568, 0.21992456912994385, 0.21783243119716644, 0.216401606798172, 0.21449337899684906, 0.21440346539020538, 0.21272404491901398, 0.2111404538154602, 0.2100573033094406, 0.20852774381637573, 0.2069753259420395, 0.20738714933395386, 0.2055845409631729, 0.20427030324935913, 0.20266951620578766, 0.20251774787902832, 0.2009052187204361, 0.19930541515350342, 0.1970231533050537, 0.19692522287368774, 0.19664116203784943, 0.19559544324874878, 0.19403257966041565, 0.19368413090705872, 0.19322186708450317, 0.19227614998817444, 0.19184793531894684, 0.1907399743795395, 0.1912926286458969, 0.18968737125396729, 0.1895100474357605, 0.1892816126346588, 0.18877394497394562, 0.1885615885257721], "val_loss": [14.14144229888916, 8.297513008117676, 8.265978813171387, 6.692224979400635, 6.62443208694458, 7.040018558502197, 7.141333103179932, 6.94732666015625, 6.416162014007568, 6.554856777191162, 5.650067329406738, 5.8681182861328125, 5.9901018142700195, 5.696566581726074, 5.762009620666504, 5.694499492645264, 5.831399917602539, 6.3365159034729, 6.329914569854736, 6.578649520874023, 6.268824100494385, 6.111830234527588, 5.892963409423828, 5.641975402832031, 5.4649338722229, 5.951355934143066, 5.19880485534668, 5.1152424812316895, 5.864156723022461, 6.178272724151611, 5.579735279083252, 5.619228839874268, 5.854931831359863, 5.605205059051514, 6.090378284454346, 5.843330383300781, 5.740736961364746, 5.473508358001709, 5.699824333190918, 5.774878978729248, 5.92832088470459, 5.550892353057861, 5.685495853424072, 6.037987232208252, 4.972771167755127, 6.3937482833862305, 5.484353542327881, 5.654969692230225, 5.177727222442627, 5.382683277130127], "val_total_amp3_mae": [0.21751108765602112, 0.17871490120887756, 0.18294207751750946, 0.17814135551452637, 0.17910972237586975, 0.1827886998653412, 0.19451911747455597, 0.19050855934619904, 0.18487799167633057, 0.1900796741247177, 0.18724404275417328, 0.18518513441085815, 0.1893109679222107, 0.18805763125419617, 0.18507534265518188, 0.18079449236392975, 0.18018370866775513, 0.19531697034835815, 0.18608427047729492, 0.19877535104751587, 0.179282084107399, 0.19972558319568634, 0.1833542436361313, 0.18073074519634247, 0.1701497584581375, 0.18547409772872925, 0.17592844367027283, 0.17045311629772186, 0.16864070296287537, 0.17359715700149536, 0.16303151845932007, 0.17002205550670624, 0.16425709426403046, 0.17426873743534088, 0.17399515211582184, 0.1666378229856491, 0.16684068739414215, 0.17098093032836914, 0.17020879685878754, 0.16424664855003357, 0.1706918627023697, 0.1639433205127716, 0.1617601066827774, 0.16119737923145294, 0.16069510579109192, 0.1594964861869812, 0.15727673470973969, 0.16584976017475128, 0.15765376389026642, 0.16031363606452942],